StartDate,EndDate,Status,IPAddress,Progress,Duration (in seconds),Finished,RecordedDate,ResponseId,RecipientLastName,RecipientFirstName,RecipientEmail,ExternalReference,LocationLatitude,LocationLongitude,DistributionChannel,UserLanguage,Q12,Q13,Q4,Q6_1,Q6_2,Q6_3,Q6_4,Q6_5,Q6_6,Q6_7,Q6_8,Q6_9,Q6_10,Q6_10_TEXT,Q8,Q9,Q7,Q1_1,Q1_2,Q1_3,Q1_4,Q1_5,Q11,Q15,Q15_4_TEXT,Q16,Q19
Start Date,End Date,Response Type,IP Address,Progress,Duration (in seconds),Finished,Recorded Date,Response ID,Recipient Last Name,Recipient First Name,Recipient Email,External Data Reference,Location Latitude,Location Longitude,Distribution Channel,User Language,Please select the month,Please select the year,How many times do you typically use your device in a day?,"What do you typically use your device for? - Selected Choice - Audio (music, radio, podcasts, etc)",What do you typically use your device for? - Selected Choice - Information,What do you typically use your device for? - Selected Choice - Controlling other devices,What do you typically use your device for? - Selected Choice - Conversation,What do you typically use your device for? - Selected Choice - Shopping,What do you typically use your device for? - Selected Choice - Alarm,What do you typically use your device for? - Selected Choice - Weather,What do you typically use your device for? - Selected Choice - Time,What do you typically use your device for? - Selected Choice - Reminders,What do you typically use your device for? - Selected Choice - Other,What do you typically use your device for? - Other - Text,I had privacy and security concerns when I first started using my device.,I have privacy and security concerns about using my device now.,What privacy and security concerns do you have about your device?,Click to write the question text - My device's microphone is always turned on by default,Click to write the question text - My device's recordings are stored by the manufacturing company,Click to write the question text - I can access the history of my commands to my device,Click to write the question text - My device offers the option to delete the data it collects,Click to write the question text - My device does not have adjustable privacy settings,What is your age?,Which gender do you identify with? - Selected Choice,Which gender do you identify with? - Prefer to self describe - Text,Do you work or have a degree in an information technology or computer science related field?,What is the highest level of school you have completed or the highest degree you have received?
"{""ImportId"":""startDate"",""timeZone"":""America/New_York""}","{""ImportId"":""endDate"",""timeZone"":""America/New_York""}","{""ImportId"":""status""}","{""ImportId"":""ipAddress""}","{""ImportId"":""progress""}","{""ImportId"":""duration""}","{""ImportId"":""finished""}","{""ImportId"":""recordedDate"",""timeZone"":""America/New_York""}","{""ImportId"":""_recordId""}","{""ImportId"":""recipientLastName""}","{""ImportId"":""recipientFirstName""}","{""ImportId"":""recipientEmail""}","{""ImportId"":""externalDataReference""}","{""ImportId"":""locationLatitude""}","{""ImportId"":""locationLongitude""}","{""ImportId"":""distributionChannel""}","{""ImportId"":""userLanguage""}","{""ImportId"":""QID12""}","{""ImportId"":""QID13""}","{""ImportId"":""QID4""}","{""ImportId"":""QID6"",""choiceId"":""1""}","{""ImportId"":""QID6"",""choiceId"":""2""}","{""ImportId"":""QID6"",""choiceId"":""3""}","{""ImportId"":""QID6"",""choiceId"":""4""}","{""ImportId"":""QID6"",""choiceId"":""5""}","{""ImportId"":""QID6"",""choiceId"":""6""}","{""ImportId"":""QID6"",""choiceId"":""7""}","{""ImportId"":""QID6"",""choiceId"":""8""}","{""ImportId"":""QID6"",""choiceId"":""9""}","{""ImportId"":""QID6"",""choiceId"":""10""}","{""ImportId"":""QID6_10_TEXT""}","{""ImportId"":""QID8""}","{""ImportId"":""QID9""}","{""ImportId"":""QID7_TEXT""}","{""ImportId"":""QID1_1""}","{""ImportId"":""QID1_2""}","{""ImportId"":""QID1_3""}","{""ImportId"":""QID1_4""}","{""ImportId"":""QID1_5""}","{""ImportId"":""QID11""}","{""ImportId"":""QID15""}","{""ImportId"":""QID15_4_TEXT""}","{""ImportId"":""QID16""}","{""ImportId"":""QID18""}"
2019-10-18 17:57:36,2019-10-18 17:59:33,IP Address,35.138.111.31,100,116,True,2019-10-18 17:59:33,R_eJP8CTwGUhttvtn,,,,,28.0381011962890625,-81.93920135498046875,anonymous,EN,3,2018,1-10,"Audio (music, radio, podcasts, etc)",,,,,,Weather,,,,,Somewhat disagree,Somewhat disagree,none,Probably correct,I don't know,I don't know,Probably correct,Probably incorrect,45 - 54,Male,,No,Associate degree in college (2-year)
2019-10-18 17:59:28,2019-10-18 18:01:44,IP Address,69.151.220.81,100,136,True,2019-10-18 18:01:44,R_1JPV4nzrOTTDUoC,,,,,35.46429443359375,-82.533599853515625,anonymous,EN,6,2018,1-10,"Audio (music, radio, podcasts, etc)",,,,,,Weather,,,,,Strongly agree,Strongly agree,"I always feel like there's something or someone listening in on whatever I am doing with the device, which is why I limit myself from doing many other things with it. I tend to only do things that don't/can't share any data about myself.",Probably correct,Probably correct,I don't know,I don't know,I don't know,25 - 34,Male,,No,Some college but no degree
2019-10-18 18:00:57,2019-10-18 18:02:58,IP Address,108.30.47.212,100,120,True,2019-10-18 18:02:58,R_8B3sLA11MsG85J7,,,,,40.6703948974609375,-73.69809722900390625,anonymous,EN,12,2018,11-20,"Audio (music, radio, podcasts, etc)",Information,,,,Alarm,Weather,Time,,,,Somewhat agree,Somewhat disagree,"concerned it may be recorded without my knowledge ",I don't know,Definitely correct,Definitely correct,I don't know,Probably incorrect,25 - 34,Male,,No,High school graduate (high school diploma or equivalent including GED)
2019-10-18 18:02:14,2019-10-18 18:05:12,IP Address,104.200.35.70,100,178,True,2019-10-18 18:05:12,R_2WYKn4w3VowaSPW,,,,,35.6699066162109375,-97.46469879150390625,anonymous,EN,9,2017,11-20,"Audio (music, radio, podcasts, etc)",Information,Controlling other devices,,,Alarm,Weather,,Reminders,,,Strongly agree,Somewhat agree,About my schedules i have kept high privacy on that,Probably incorrect,Probably incorrect,Definitely incorrect,Definitely incorrect,Probably incorrect,35 - 44,Female,,Yes,Bachelor's degree in college (4-year)
2019-10-18 18:04:24,2019-10-18 18:05:52,IP Address,76.30.105.32,100,87,True,2019-10-18 18:05:52,R_1jAJLMnCZIEYtUd,,,,,29.8737945556640625,-95.5233001708984375,anonymous,EN,4,2018,1-10,"Audio (music, radio, podcasts, etc)",Information,Controlling other devices,Conversation,,Alarm,Weather,Time,,,,Somewhat agree,Strongly agree,I worry that my information will be leaked into the wrong hands,Probably incorrect,I don't know,Probably correct,Probably correct,Probably incorrect,25 - 34,Female,,No,Some college but no degree
2019-10-18 18:06:12,2019-10-18 18:08:08,IP Address,47.204.36.108,100,115,True,2019-10-18 18:08:08,R_5gA1x2sILN9hQVr,,,,,28.0946044921875,-81.49900054931640625,anonymous,EN,10,2019,21+,"Audio (music, radio, podcasts, etc)",Information,,,Shopping,Alarm,Weather,Time,Reminders,,,Strongly disagree,Strongly disagree,"I do not have any privacy or security concerns with my Echo Alexa device at all. ",Probably incorrect,Probably correct,Definitely correct,Definitely correct,Definitely incorrect,45 - 54,Male,,Yes,Bachelor's degree in college (4-year)
2019-10-18 18:08:23,2019-10-18 18:09:29,IP Address,75.65.38.225,100,66,True,2019-10-18 18:09:29,R_1j6pZhjMQQ5VPSd,,,,,35.27520751953125,-89.72949981689453125,anonymous,EN,4,2018,1-10,,Information,Controlling other devices,,Shopping,,Weather,Time,,,,Somewhat agree,Somewhat agree,"Hackers controlling things or stealing data. ",Probably incorrect,Probably correct,I don't know,Probably incorrect,Probably incorrect,25 - 34,Male,,No,Bachelor's degree in college (4-year)
2019-10-18 18:15:12,2019-10-18 18:16:34,IP Address,96.232.36.173,100,82,True,2019-10-18 18:16:34,R_1Nz7Ge02I1SpkHS,,,,,40.6208038330078125,-74.0426025390625,anonymous,EN,1,2018,1-10,"Audio (music, radio, podcasts, etc)",,,,,,Weather,,,,,Somewhat agree,Somewhat agree,I am afraid that my data is being used to profit the company more than the device is helping me,Probably correct,Probably correct,Probably correct,Probably correct,Probably incorrect,25 - 34,Female,,,Bachelor's degree in college (4-year)
2019-10-18 18:11:19,2019-10-18 18:21:22,IP Address,157.51.126.195,100,603,True,2019-10-18 18:21:23,R_2wzXaA0yd1DTL0e,,,,,13.087799072265625,80.27850341796875,anonymous,EN,11,2018,1-10,,Information,,Conversation,Shopping,,,Time,,,,Somewhat agree,Strongly agree,"its good for only uses not bad ",Probably incorrect,I don't know,Definitely incorrect,Probably incorrect,I don't know,25 - 34,Female,,Yes,Bachelor's degree in college (4-year)
2019-10-18 18:27:41,2019-10-18 18:32:53,IP Address,157.46.121.4,100,311,True,2019-10-18 18:32:53,R_2znY00G3XooWdYE,,,,,13.087799072265625,80.27850341796875,anonymous,EN,4,2019,1-10,"Audio (music, radio, podcasts, etc)",,,,,Alarm,,,,,,Strongly agree,Somewhat agree,"not problems found ",Probably incorrect,Probably correct,I don't know,Definitely incorrect,Probably incorrect,35 - 44,Male,,Yes,Bachelor's degree in college (4-year)
2019-10-18 18:47:20,2019-10-18 18:48:14,IP Address,122.164.17.207,100,53,True,2019-10-18 18:48:14,R_DHm2NpsZ767rR1T,,,,,13.087799072265625,80.27850341796875,anonymous,EN,8,2016,1-10,,,,Conversation,Shopping,,,,,,,Neither agree nor disagree,Somewhat agree,nike,Probably incorrect,Probably correct,Definitely correct,I don't know,Probably correct,18 - 24,Male,,Yes,Bachelor's degree in college (4-year)
2019-10-18 18:47:25,2019-10-18 18:48:49,IP Address,205.209.93.208,100,83,True,2019-10-18 18:48:49,R_3PSNKuqxu4XXgRI,,,,,45.65960693359375,-68.7100982666015625,anonymous,EN,4,2019,1-10,"Audio (music, radio, podcasts, etc)",,,Conversation,,Alarm,Weather,,Reminders,,,Strongly agree,Somewhat agree,"Who is listening. ",I don't know,Probably correct,I don't know,I don't know,Probably correct,25 - 34,Female,,No,Associate degree in college (2-year)
2019-10-18 18:47:23,2019-10-18 18:48:52,IP Address,49.207.133.185,100,89,True,2019-10-18 18:48:53,R_2f3yzQhnUPz2W0M,,,,,13.087799072265625,80.27850341796875,anonymous,EN,10,2019,11-20,,Information,,,,,,,,,,Strongly agree,Strongly agree,"Personalized Overviews. Schedule Assessment. Highlights: Global Expertise And Assistance, Offering A Comprehensive Security Platform",Definitely correct,Probably correct,Definitely correct,Probably correct,Definitely correct,25 - 34,Female,,Yes,Bachelor's degree in college (4-year)
2019-10-18 18:47:24,2019-10-18 18:49:06,IP Address,67.85.240.80,100,102,True,2019-10-18 18:49:07,R_33kxpiZczCL4NfG,,,,,40.5980072021484375,-73.9467010498046875,anonymous,EN,10,2019,1-10,"Audio (music, radio, podcasts, etc)",Information,,Conversation,,,Weather,,,,,Somewhat agree,Somewhat agree,That it is listening in to my conversations to perhaps gain information for advertisers.,Probably correct,Definitely correct,Definitely correct,I don't know,Probably incorrect,25 - 34,Male,,Yes,Bachelor's degree in college (4-year)
2019-10-18 18:47:32,2019-10-18 18:49:10,IP Address,122.164.18.214,100,98,True,2019-10-18 18:49:11,R_1o4Lukg7PiAj0AF,,,,,13.087799072265625,80.27850341796875,anonymous,EN,3,2018,1-10,"Audio (music, radio, podcasts, etc)",,,,,Alarm,,Time,Reminders,,,Somewhat agree,Strongly agree,Large sound,Probably correct,Definitely correct,I don't know,Probably correct,Probably correct,25 - 34,Female,,Yes,Bachelor's degree in college (4-year)
2019-10-18 18:48:02,2019-10-18 18:49:23,IP Address,122.164.53.238,100,81,True,2019-10-18 18:49:24,R_yKFSJU4Pmhpn3Q5,,,,,9.9398956298828125,76.26019287109375,anonymous,EN,7,2017,1-10,"Audio (music, radio, podcasts, etc)",,Controlling other devices,Conversation,Shopping,Alarm,Weather,,,,,Somewhat agree,Somewhat agree,"It's tough to secure your data and privacy if you don't even know how to check to ... If your device can connect to the network, there's a very high ..",Probably correct,Definitely correct,Probably correct,Definitely correct,Probably correct,18 - 24,Female,,Yes,Bachelor's degree in college (4-year)
2019-10-18 18:47:41,2019-10-18 18:49:30,IP Address,179.52.240.159,100,109,True,2019-10-18 18:49:30,R_2wcr5rcOtwQwF9D,,,,,18.4656982421875,-69.8939971923828125,anonymous,EN,6,2018,1-10,"Audio (music, radio, podcasts, etc)",,Controlling other devices,,,,,Time,Reminders,,,Somewhat disagree,Somewhat disagree,I don't have any privacy concerns about it,Probably incorrect,I don't know,I don't know,Probably incorrect,I don't know,25 - 34,Male,,No,Bachelor's degree in college (4-year)
2019-10-18 18:48:13,2019-10-18 18:49:34,IP Address,122.164.29.198,100,81,True,2019-10-18 18:49:34,R_1ohRMhDqngLqx0K,,,,,13.087799072265625,80.27850341796875,anonymous,EN,5,2019,11-20,,,Controlling other devices,,,,Weather,,,,,Somewhat agree,Neither agree nor disagree,good,Probably incorrect,Probably correct,Probably incorrect,Probably incorrect,Probably incorrect,25 - 34,Male,,Yes,Bachelor's degree in college (4-year)
2019-10-18 18:47:34,2019-10-18 18:49:38,IP Address,49.207.133.90,100,124,True,2019-10-18 18:49:38,R_3oIarxYOiCwIqpe,,,,,13.087799072265625,80.27850341796875,anonymous,EN,1,2015,1-10,"Audio (music, radio, podcasts, etc)",,,,,Alarm,Weather,Time,,,,Strongly agree,Somewhat agree,Yes,Definitely correct,Probably correct,Definitely correct,Probably correct,Definitely correct,25 - 34,Female,,Yes,Bachelor's degree in college (4-year)
2019-10-18 18:48:16,2019-10-18 18:49:51,IP Address,157.51.198.135,100,94,True,2019-10-18 18:49:52,R_2DOYJ4G8JKwUAjj,,,,,13.087799072265625,80.27850341796875,anonymous,EN,10,2019,11-20,,,,,,,Weather,,,,,Somewhat disagree,Neither agree nor disagree,GOOD,Probably correct,Definitely correct,I don't know,Probably correct,I don't know,18 - 24,Male,,Yes,Bachelor's degree in college (4-year)
2019-10-18 18:48:01,2019-10-18 18:50:18,IP Address,107.204.153.60,100,136,True,2019-10-18 18:50:18,R_3HBsemMIQ4btUvp,,,,,32.8571014404296875,-116.919097900390625,anonymous,EN,6,2019,1-10,"Audio (music, radio, podcasts, etc)",Information,,,,Alarm,,Time,Reminders,,,Somewhat agree,Strongly agree,"That it is listening to personal matter, and that Amazon is collecting this, and selling it, but I just don't talk to other people in the room with it; mostly.",Definitely correct,Definitely correct,I don't know,Probably incorrect,Probably correct,25 - 34,Male,,No,Some college but no degree
2019-10-18 18:47:51,2019-10-18 18:50:22,IP Address,174.134.165.247,100,151,True,2019-10-18 18:50:23,R_1g0mj0A8KahOMVX,,,,,35.32879638671875,-118.97480010986328125,anonymous,EN,5,2019,1-10,"Audio (music, radio, podcasts, etc)",Information,,,,Alarm,Weather,,Reminders,,,Somewhat disagree,Somewhat agree,"Recently, it sounded like someone else other than Alexa responded to one of our commands. It sounded like an actual human voice and nothing digitized. Plus, I have also read that the Echo picks up on your normal conversations and records those as well. ",Probably incorrect,Definitely correct,I don't know,Probably correct,Probably incorrect,25 - 34,Male,,No,Bachelor's degree in college (4-year)
2019-10-18 18:47:29,2019-10-18 18:50:25,IP Address,103.66.79.156,100,176,True,2019-10-18 18:50:25,R_3m4cXNYEhMEBs5G,,,,,13.087799072265625,80.27850341796875,anonymous,EN,2,2015,1-10,"Audio (music, radio, podcasts, etc)",,Controlling other devices,,,,,,,,,Strongly agree,Strongly agree,none,Probably correct,Probably correct,I don't know,I don't know,Probably incorrect,18 - 24,Male,,Yes,Bachelor's degree in college (4-year)
2019-10-18 18:47:33,2019-10-18 18:50:31,IP Address,171.49.195.50,100,178,True,2019-10-18 18:50:31,R_1QsIpgz1DxqJhFN,,,,,13.087799072265625,80.27850341796875,anonymous,EN,6,2019,1-10,"Audio (music, radio, podcasts, etc)",,,,,,,,,,,Strongly agree,Strongly agree,"if some one connect it will speak ",I don't know,Probably incorrect,Definitely incorrect,Probably incorrect,Probably incorrect,25 - 34,Female,,Yes,Bachelor's degree in college (4-year)
2019-10-18 18:48:59,2019-10-18 18:50:36,IP Address,122.174.96.142,100,97,True,2019-10-18 18:50:37,R_6GaTYZR9yKrvmgN,,,,,9.96710205078125,76.2904052734375,anonymous,EN,10,2019,1-10,,Information,,,,,,,,,,Somewhat agree,Somewhat agree,"Limit on Power.
Respect for Individuals. 
Reputation Management. 
Maintaining Appropriate Social Boundaries. 
Trust. ",Probably correct,Definitely correct,Definitely correct,Probably correct,Definitely correct,25 - 34,Female,,Yes,Bachelor's degree in college (4-year)
2019-10-18 18:48:14,2019-10-18 18:50:46,IP Address,223.181.224.5,100,152,True,2019-10-18 18:50:47,R_cISS7DbhwnFJhOV,,,,,11.0054931640625,76.966094970703125,anonymous,EN,8,2019,11-20,"Audio (music, radio, podcasts, etc)",Information,,Conversation,,,Weather,Time,,,,Strongly agree,Somewhat agree,"no privacy and security ",Probably correct,Definitely correct,I don't know,Definitely correct,I don't know,35 - 44,Male,,Yes,Bachelor's degree in college (4-year)
2019-10-18 18:47:49,2019-10-18 18:50:47,IP Address,223.181.220.1,100,178,True,2019-10-18 18:50:47,R_1GxzkBpbLQSeie4,,,,,11.0054931640625,76.966094970703125,anonymous,EN,7,2019,1-10,"Audio (music, radio, podcasts, etc)",Information,,,,Alarm,,,,,,Somewhat agree,Neither agree nor disagree,NO IT IS VERY SECURED ONE MY DEVICE,Probably incorrect,Definitely correct,Probably correct,Probably correct,I don't know,35 - 44,Male,,Yes,Bachelor's degree in college (4-year)
2019-10-18 18:47:23,2019-10-18 18:50:52,IP Address,179.155.25.194,100,208,True,2019-10-18 18:50:52,R_2Vq1QsA2VZ5imyO,,,,,-22.9219970703125,-43.1024932861328125,anonymous,EN,6,2016,1-10,"Audio (music, radio, podcasts, etc)",,,,,Alarm,,,,,,Somewhat disagree,Neither agree nor disagree,The device monitoring my house someway.,Probably correct,I don't know,Probably incorrect,Probably correct,Probably incorrect,18 - 24,Male,,No,Some college but no degree
2019-10-18 18:47:35,2019-10-18 18:50:59,IP Address,179.183.111.186,100,203,True,2019-10-18 18:50:59,R_OJPYmYY6QzXOXE5,,,,,-15.779205322265625,-47.9340972900390625,anonymous,EN,10,2019,1-10,"Audio (music, radio, podcasts, etc)",,,Conversation,,,,,Reminders,,,Strongly agree,Somewhat agree,I'm afraid my data will be copied without my permission,Definitely correct,Probably correct,Definitely correct,Definitely correct,Probably incorrect,45 - 54,Male,,Yes,Bachelor's degree in college (4-year)
2019-10-18 18:48:17,2019-10-18 18:51:07,IP Address,216.21.163.69,100,169,True,2019-10-18 18:51:07,R_10BDCQ4BdeMcunp,,,,,40.2342071533203125,-111.64420318603515625,anonymous,EN,8,2016,1-10,"Audio (music, radio, podcasts, etc)",,,,,,,,,,,Strongly agree,Strongly agree,PIN CODE,Definitely incorrect,Probably incorrect,I don't know,Probably incorrect,Definitely incorrect,25 - 34,Female,,Yes,Bachelor's degree in college (4-year)
2019-10-18 18:48:08,2019-10-18 18:51:23,IP Address,172.245.79.192,100,195,True,2019-10-18 18:51:23,R_2aXgY0UcBh1YGjV,,,,,42.0048065185546875,-87.99539947509765625,anonymous,EN,6,2016,1-10,,,Controlling other devices,,Shopping,,Weather,,,,,Strongly agree,Somewhat agree," if your desktop isn’t protected by a password, lock screen, or biometrics, it’s a straightforward matter for anyone who gets their hands on your device to gain unauthorized access to a treasure trove of confidential data, intellectual property, software, and messaging functionality. With weak passwords relatively easy to guess or hack",Definitely incorrect,Probably incorrect,Definitely incorrect,Probably incorrect,Probably incorrect,25 - 34,Male,,Yes,Master's degree
2019-10-18 18:48:02,2019-10-18 18:51:23,IP Address,192.181.228.210,100,201,True,2019-10-18 18:51:24,R_3Pb15x9njJnk5jg,,,,,39.5370025634765625,-83.4550018310546875,anonymous,EN,12,2018,1-10,"Audio (music, radio, podcasts, etc)",,,,,Alarm,Weather,Time,Reminders,,,Strongly agree,Somewhat agree,I sometimes worry that it can hear my conversations.,Probably correct,I don't know,Definitely correct,I don't know,I don't know,25 - 34,Male,,No,High school graduate (high school diploma or equivalent including GED)
2019-10-18 18:49:59,2019-10-18 18:51:35,IP Address,122.174.160.221,100,96,True,2019-10-18 18:51:36,R_10TmBcBY8WjEURI,,,,,13.087799072265625,80.27850341796875,anonymous,EN,5,2014,21+,"Audio (music, radio, podcasts, etc)",,,Conversation,Shopping,,,,,,,Strongly agree,Strongly agree,"do not hack ",Definitely incorrect,Probably incorrect,Definitely incorrect,Probably incorrect,Definitely incorrect,25 - 34,Male,,Yes,Master's degree
2019-10-18 18:49:16,2019-10-18 18:52:14,IP Address,122.174.114.91,100,177,True,2019-10-18 18:52:14,R_80W415j1CcfBCuZ,,,,,9.9398956298828125,76.26019287109375,anonymous,EN,2,2017,11-20,"Audio (music, radio, podcasts, etc)",Information,,,Shopping,Alarm,Weather,Time,,,,Strongly agree,Somewhat agree,ITS ALWAYS FOR ME ONLY ITS MY SOUL AND IMPORTANT THING OF MY LIFE,Probably incorrect,Probably incorrect,Definitely incorrect,Definitely incorrect,Probably incorrect,25 - 34,Female,,Yes,Master's degree
2019-10-18 18:47:48,2019-10-18 18:52:16,IP Address,71.66.44.10,100,267,True,2019-10-18 18:52:16,R_1q2KTmgAA8qbWEt,,,,,38.0052032470703125,-84.42299652099609375,anonymous,EN,12,2017,1-10,,Information,,,,Alarm,,,Reminders,,,Strongly disagree,Strongly disagree,"Did not have any privacy or security concerns when using Echo device. Overall, Amazon products have always provided stellar security/privacy. Never really have any worries when using things by them and haven't had any pause for concern in the past.",Definitely correct,Definitely incorrect,Definitely correct,Definitely correct,Definitely incorrect,25 - 34,Male,,No,Bachelor's degree in college (4-year)
2019-10-18 18:52:14,2019-10-18 18:52:57,IP Address,122.164.202.109,100,42,True,2019-10-18 18:52:57,R_3KoTnLLbLXg9BqG,,,,,13.087799072265625,80.27850341796875,anonymous,EN,6,2019,11-20,,,Controlling other devices,,Shopping,,,,,,,Neither agree nor disagree,Somewhat agree,good,I don't know,Definitely incorrect,Probably incorrect,Definitely incorrect,Definitely incorrect,25 - 34,Male,,Yes,Bachelor's degree in college (4-year)
2019-10-18 18:48:40,2019-10-18 18:53:01,IP Address,171.49.199.147,100,261,True,2019-10-18 18:53:02,R_2UeVBcF3ncE5wYn,,,,,13.087799072265625,80.27850341796875,anonymous,EN,4,2018,1-10,,,Controlling other devices,Conversation,Shopping,Alarm,Weather,,,,,Somewhat agree,Somewhat agree,i secure my mobile and my home device,Probably correct,Probably incorrect,I don't know,Probably correct,I don't know,25 - 34,Male,,Yes,Bachelor's degree in college (4-year)
2019-10-18 18:51:49,2019-10-18 18:53:03,IP Address,171.49.195.50,100,73,True,2019-10-18 18:53:03,R_2tKFTNaUKVUshp6,,,,,13.087799072265625,80.27850341796875,anonymous,EN,6,2019,1-10,"Audio (music, radio, podcasts, etc)",,,,,,,,,,,Strongly agree,Somewhat agree,i hear only in alone,Definitely correct,Probably correct,Probably correct,I don't know,Definitely correct,25 - 34,Female,,Yes,Bachelor's degree in college (4-year)
2019-10-18 18:50:00,2019-10-18 18:53:37,IP Address,122.164.79.81,100,217,True,2019-10-18 18:53:37,R_1flVFYhdmfafDXy,,,,,13.087799072265625,80.27850341796875,anonymous,EN,3,2014,11-20,"Audio (music, radio, podcasts, etc)",Information,,Conversation,Shopping,,,,,,,Somewhat agree,Somewhat agree,"A mobile phone is a wireless handheld device that allows users to make and receive calls and to send text messages, among other features. The earliest generation of mobile phones could only make and receive calls. ... A mobile phone may also be known as a cellular phone or simply a cell phone.
",Probably correct,Definitely correct,Probably correct,I don't know,Probably correct,18 - 24,Male,,Yes,Bachelor's degree in college (4-year)
2019-10-18 18:48:03,2019-10-18 18:53:41,IP Address,157.46.7.155,100,337,True,2019-10-18 18:53:41,R_2D5M3sHOnmylpHa,,,,,13.087799072265625,80.27850341796875,anonymous,EN,4,2019,1-10,,,,Conversation,Shopping,,Weather,,Reminders,,,Strongly agree,Somewhat agree,Password security,Probably correct,Definitely correct,Definitely correct,I don't know,Probably incorrect,25 - 34,Male,,No,Bachelor's degree in college (4-year)
2019-10-18 18:51:24,2019-10-18 18:53:51,IP Address,157.50.5.235,100,146,True,2019-10-18 18:53:51,R_1KoIubCOaCSDlFl,,,,,13.087799072265625,80.27850341796875,anonymous,EN,10,2019,1-10,"Audio (music, radio, podcasts, etc)",Information,Controlling other devices,,,Alarm,,,,,,Strongly agree,Somewhat agree,NOT PROBLEMS FOUND OF  THE DEVICE,Probably incorrect,Probably correct,Definitely correct,Probably correct,I don't know,25 - 34,Male,,Yes,Bachelor's degree in college (4-year)
2019-10-18 18:50:51,2019-10-18 18:53:54,IP Address,49.207.133.90,100,182,True,2019-10-18 18:53:54,R_2SAkKKt6o39ldrP,,,,,13.087799072265625,80.27850341796875,anonymous,EN,3,2016,1-10,,Information,,,,,,,,,,Somewhat agree,Strongly agree,lapptop,Probably correct,Definitely correct,Probably correct,Definitely correct,Probably correct,25 - 34,Female,,Yes,Master's degree
2019-10-18 18:50:48,2019-10-18 18:53:57,IP Address,122.164.54.22,100,189,True,2019-10-18 18:53:57,R_vOxsjEbOaNFtdK1,,,,,9.96710205078125,76.2904052734375,anonymous,EN,6,2015,1-10,"Audio (music, radio, podcasts, etc)",,,,,,,,,,,Somewhat agree,Somewhat agree,nothing,Definitely correct,Probably correct,Definitely correct,Probably correct,Definitely correct,18 - 24,Male,,Yes,Bachelor's degree in college (4-year)
2019-10-18 18:51:17,2019-10-18 18:54:06,IP Address,47.27.232.124,100,168,True,2019-10-18 18:54:07,R_2v22L6EPu9nJd42,,,,,40.558502197265625,-122.4138946533203125,anonymous,EN,10,2018,11-20,"Audio (music, radio, podcasts, etc)",Information,Controlling other devices,,Shopping,Alarm,Weather,Time,Reminders,Other,timer,Somewhat agree,Somewhat disagree,that amazon was listening in on conversations when alexa was not in use,Probably incorrect,Probably correct,Definitely correct,I don't know,Probably incorrect,,Male,,Yes,Master's degree
2019-10-18 18:51:43,2019-10-18 18:54:17,IP Address,45.35.132.7,100,154,True,2019-10-18 18:54:17,R_qylweWe9MPLWRKF,,,,,32.8137054443359375,-96.87039947509765625,anonymous,EN,6,2017,1-10,"Audio (music, radio, podcasts, etc)",Information,Controlling other devices,,,,,,,,,Somewhat agree,Strongly agree,nothing,Probably incorrect,Definitely incorrect,I don't know,Probably incorrect,Probably correct,25 - 34,Male,,Yes,Bachelor's degree in college (4-year)
2019-10-18 18:48:46,2019-10-18 18:54:17,IP Address,157.50.202.221,100,330,True,2019-10-18 18:54:17,R_1otYTTYnG3FbDaS,,,,,13.087799072265625,80.27850341796875,anonymous,EN,12,2014,1-10,"Audio (music, radio, podcasts, etc)",Information,,Conversation,,,,,,,,Somewhat agree,Neither agree nor disagree,it was safety to device,Probably incorrect,I don't know,I don't know,Definitely incorrect,Probably incorrect,25 - 34,Female,,Yes,Bachelor's degree in college (4-year)
2019-10-18 18:50:56,2019-10-18 18:54:43,IP Address,75.100.13.231,100,227,True,2019-10-18 18:54:43,R_qQ4VP6dJHYFtkYx,,,,,44.7996978759765625,-89.68450164794921875,anonymous,EN,7,2018,1-10,,Information,Controlling other devices,,,,Weather,Time,,,,Somewhat agree,Somewhat agree,How much information the device records and how accessible it is to others.,Definitely incorrect,Definitely correct,Probably correct,Probably correct,Definitely incorrect,25 - 34,Male,,Yes,High school graduate (high school diploma or equivalent including GED)
2019-10-18 18:53:34,2019-10-18 18:54:45,IP Address,157.46.116.2,100,71,True,2019-10-18 18:54:45,R_1d4SPAOE0xJGQwS,,,,,13.087799072265625,80.27850341796875,anonymous,EN,9,2019,1-10,"Audio (music, radio, podcasts, etc)",Information,,Conversation,,,Weather,Time,,,,Somewhat agree,Strongly agree,"no privacy and security ",Probably incorrect,Definitely correct,I don't know,Probably correct,I don't know,35 - 44,Female,,Yes,Bachelor's degree in college (4-year)
2019-10-18 18:50:54,2019-10-18 18:54:47,IP Address,32.208.190.88,100,232,True,2019-10-18 18:54:47,R_2RX6RAMDCyOZY1G,,,,,41.5041046142578125,-72.9167022705078125,anonymous,EN,12,2017,1-10,"Audio (music, radio, podcasts, etc)",Information,Controlling other devices,,,,Weather,Time,,,,Strongly agree,Somewhat agree,My concerns are primarily with how Amazon uses my recorded voices. I know they state it is for quality control purposes / device improvement but I do wonder exactly how the teams are using the information contained within. I am always sure that I do not use the device when there is a possibility that it might overhear sensitive information (e.g. during a phone call).,Definitely correct,Definitely correct,Definitely correct,Definitely correct,Definitely incorrect,35 - 44,Male,,Yes,Bachelor's degree in college (4-year)
2019-10-18 18:54:27,2019-10-18 18:55:11,IP Address,122.164.111.68,100,43,True,2019-10-18 18:55:11,R_paB0gLJpgg4opFf,,,,,9.9398956298828125,76.26019287109375,anonymous,EN,6,2016,1-10,"Audio (music, radio, podcasts, etc)",,,,,,,,,,,Somewhat agree,Somewhat agree,nothing,Probably correct,Definitely correct,Probably correct,Definitely correct,Probably correct,18 - 24,Male,,Yes,Bachelor's degree in college (4-year)
2019-10-18 18:51:45,2019-10-18 18:55:20,IP Address,24.255.48.212,100,215,True,2019-10-18 18:55:21,R_pMe4fceH0CHbw7n,,,,,33.3874969482421875,-111.85070037841796875,anonymous,EN,11,2018,1-10,,,Controlling other devices,,,,,,,Other,timer,Strongly agree,Somewhat agree,"It listens to conversations all the time, possibly recording it and transmitting to strangers.",Definitely correct,Probably correct,Definitely correct,Probably correct,Probably correct,25 - 34,Female,,Yes,Bachelor's degree in college (4-year)
2019-10-18 18:52:52,2019-10-18 18:55:30,IP Address,106.51.96.127,100,157,True,2019-10-18 18:55:30,R_1exxLFKRm0GVBDU,,,,,13.087799072265625,80.27850341796875,anonymous,EN,5,2018,1-10,"Audio (music, radio, podcasts, etc)",Information,,Conversation,,,,Time,Reminders,,,Somewhat agree,Somewhat agree,it has some password to access the some devices and some informations.,Definitely correct,Probably correct,Definitely correct,Probably correct,Definitely correct,25 - 34,Male,,Yes,Master's degree
2019-10-18 18:48:28,2019-10-18 18:55:42,IP Address,117.217.167.231,100,433,True,2019-10-18 18:55:43,R_25vGPbqI2VuJXs6,,,,,9.9644927978515625,78.06671142578125,anonymous,EN,7,2018,1-10,"Audio (music, radio, podcasts, etc)",,,Conversation,,Alarm,,,,,,Strongly agree,Somewhat agree,it gathers information about the third-party smart home devices you connect to your Amazon smart speaker,I don't know,Probably incorrect,I don't know,Probably incorrect,Probably incorrect,25 - 34,Male,,Yes,Bachelor's degree in college (4-year)
2019-10-18 18:50:13,2019-10-18 18:56:14,IP Address,171.49.202.131,100,361,True,2019-10-18 18:56:15,R_1dtUcbMLZkn4c9v,,,,,13.087799072265625,80.27850341796875,anonymous,EN,6,2018,1-10,"Audio (music, radio, podcasts, etc)",,,,,,,,,,,Somewhat agree,Strongly agree,"i was used hear the song along so i felt happy thats you i told its privacy device ",Probably incorrect,I don't know,Probably correct,I don't know,Probably correct,25 - 34,Male,,Yes,Bachelor's degree in college (4-year)
2019-10-18 18:55:56,2019-10-18 18:56:33,IP Address,122.174.176.32,100,37,True,2019-10-18 18:56:34,R_bguuYRSNwBm8Zmp,,,,,9.9398956298828125,76.26019287109375,anonymous,EN,5,2015,1-10,"Audio (music, radio, podcasts, etc)",,,,,,,,,,,Somewhat agree,Somewhat agree,nothing,Definitely correct,Probably correct,Definitely correct,Probably correct,Definitely correct,18 - 24,Male,,Yes,Bachelor's degree in college (4-year)
2019-10-18 18:55:51,2019-10-18 18:57:23,IP Address,122.164.202.69,100,91,True,2019-10-18 18:57:23,R_spUxckuHBA5GtvH,,,,,13.087799072265625,80.27850341796875,anonymous,EN,7,2018,21+,"Audio (music, radio, podcasts, etc)",Information,,,Shopping,Alarm,,,Reminders,,,Strongly agree,Strongly agree,"Amazon's Echo devices are neat, but having a network-connected. Here's what we need to consider about Alexa's effect on our privacy.",Probably correct,I don't know,Probably correct,I don't know,Probably correct,25 - 34,Female,,Yes,Bachelor's degree in college (4-year)
2019-10-18 18:56:54,2019-10-18 18:57:37,IP Address,122.164.48.223,100,42,True,2019-10-18 18:57:37,R_3NyLQLaRG4Iyn3q,,,,,9.96710205078125,76.2904052734375,anonymous,EN,5,2015,1-10,"Audio (music, radio, podcasts, etc)",,,,,,,,,,,Somewhat agree,Somewhat agree,nothing,Probably correct,Definitely correct,Probably correct,Definitely correct,Probably correct,18 - 24,Female,,Yes,Bachelor's degree in college (4-year)
2019-10-18 18:56:11,2019-10-18 18:57:38,IP Address,122.174.175.155,100,87,True,2019-10-18 18:57:38,R_2s6dMilxmiKBl5Z,,,,,12.25860595703125,79.8839111328125,anonymous,EN,5,2014,21+,"Audio (music, radio, podcasts, etc)",,,Conversation,,,,,,,,Strongly agree,Strongly agree,not to hack,Probably incorrect,Definitely incorrect,Probably incorrect,Definitely incorrect,Probably incorrect,25 - 34,Male,,Yes,Doctoral degree
2019-10-18 18:55:47,2019-10-18 18:57:54,IP Address,122.174.68.70,100,127,True,2019-10-18 18:57:54,R_1FfyvIn6nt4Sx6b,,,,,9.96710205078125,76.2904052734375,anonymous,EN,5,2014,21+,"Audio (music, radio, podcasts, etc)",,,Conversation,,,,,,,,Strongly agree,Strongly agree,not to hack,Definitely correct,Probably correct,Probably correct,Definitely correct,Probably correct,25 - 34,Female,,Yes,Doctoral degree
2019-10-18 18:48:19,2019-10-18 18:58:15,IP Address,117.217.167.231,100,595,True,2019-10-18 18:58:15,R_1jCITyZEr2uapZC,,,,,9.9644927978515625,78.06671142578125,anonymous,EN,10,2018,1-10,"Audio (music, radio, podcasts, etc)",,,Conversation,Shopping,,,,,,,Somewhat agree,Neither agree nor disagree,"it gathers information about the third-party smart home devices you connect to your amazon smart speaker ",Probably correct,Probably correct,Probably incorrect,Probably correct,Probably incorrect,25 - 34,Male,,Yes,Bachelor's degree in college (4-year)
2019-10-18 18:56:57,2019-10-18 18:58:58,IP Address,122.174.237.120,100,120,True,2019-10-18 18:58:59,R_1nNROHKrX8gdEjc,,,,,13.087799072265625,80.27850341796875,anonymous,EN,2,2014,1-10,"Audio (music, radio, podcasts, etc)",,,,,,,,,,,Strongly agree,Strongly agree,yes,Definitely incorrect,Probably incorrect,Definitely incorrect,Probably incorrect,Definitely incorrect,25 - 34,Female,,Yes,Master's degree
2019-10-18 18:47:31,2019-10-18 18:58:59,IP Address,117.199.130.96,100,687,True,2019-10-18 18:58:59,R_2ByWi5qfh64jYtt,,,,,9.91900634765625,78.1195068359375,anonymous,EN,10,2018,1-10,"Audio (music, radio, podcasts, etc)",,,Conversation,,,Weather,,,,,Strongly agree,Strongly agree,it gathers information about the third-party smart home  devices you  connect to your amazon smart  speaker,I don't know,Probably incorrect,Probably correct,Probably incorrect,Probably correct,18 - 24,Male,,Yes,Bachelor's degree in college (4-year)
2019-10-18 18:55:48,2019-10-18 18:59:52,IP Address,216.21.163.69,100,244,True,2019-10-18 18:59:53,R_1DYCb2Zfh8A6btZ,,,,,40.2342071533203125,-111.64420318603515625,anonymous,EN,6,2018,11-20,"Audio (music, radio, podcasts, etc)",,,Conversation,,Alarm,Weather,Time,,,,Strongly agree,Somewhat agree,Yes all time i am set for sound this device good for useing.,Probably correct,Definitely correct,I don't know,Definitely correct,Probably correct,25 - 34,Female,,Yes,Bachelor's degree in college (4-year)
2019-10-18 18:57:40,2019-10-18 19:00:33,IP Address,24.243.244.130,100,173,True,2019-10-18 19:00:35,R_3MiFEdoPjpVNRnJ,,,,,31.1992950439453125,-97.93039703369140625,anonymous,EN,6,2019,11-20,"Audio (music, radio, podcasts, etc)",,,,,,Weather,,,,,Strongly agree,Somewhat agree,nothing really now,I don't know,I don't know,Definitely correct,Definitely correct,I don't know,55 - 64,Female,,No,High school graduate (high school diploma or equivalent including GED)
2019-10-18 18:58:32,2019-10-18 19:01:28,IP Address,122.164.212.210,100,175,True,2019-10-18 19:01:29,R_PYhbtXPQJvpNFyp,,,,,13.087799072265625,80.27850341796875,anonymous,EN,5,2018,1-10,,,Controlling other devices,Conversation,Shopping,Alarm,Weather,,,,,Somewhat agree,Somewhat agree,very good quality,Probably correct,Definitely correct,Probably correct,Definitely correct,Probably correct,25 - 34,Male,,Yes,Bachelor's degree in college (4-year)
2019-10-18 18:50:22,2019-10-18 19:02:34,IP Address,117.199.137.61,100,731,True,2019-10-18 19:02:34,R_2c75n4tbwYkg51B,,,,,9.91900634765625,78.1195068359375,anonymous,EN,8,2018,1-10,,,,Conversation,Shopping,,,Time,,,,Somewhat agree,Neither agree nor disagree,it gathers information about the third-party smart home devices you connect to your amazon smart speaker,Probably correct,Definitely correct,Probably incorrect,Probably correct,Definitely correct,25 - 34,Male,,Yes,Bachelor's degree in college (4-year)
2019-10-18 19:00:27,2019-10-18 19:02:36,IP Address,122.174.119.127,100,129,True,2019-10-18 19:02:36,R_1rJJWjVpPBotUsB,,,,,9.9398956298828125,76.26019287109375,anonymous,EN,10,2019,1-10,,Information,,,Shopping,,Weather,Time,Reminders,,,Strongly agree,Somewhat agree,good,Probably incorrect,Definitely incorrect,Probably incorrect,Definitely incorrect,Probably incorrect,25 - 34,Female,,Yes,Master's degree
2019-10-18 18:50:31,2019-10-18 19:02:39,IP Address,122.174.166.74,100,727,True,2019-10-18 19:02:39,R_22mgEZcnlZzSlUe,,,,,13.087799072265625,80.27850341796875,anonymous,EN,8,2018,1-10,,Information,,Conversation,,Alarm,,,Reminders,,,Strongly agree,Strongly agree,"'s Echo devices are neat, but having a network-connected. But enabling this, even with a family member you trust, can still be a privacy concern. This one adds convenience in exchange for less privacy/security.",Probably correct,Definitely correct,Probably correct,Definitely correct,Probably correct,25 - 34,Male,,Yes,Bachelor's degree in college (4-year)
2019-10-18 19:01:58,2019-10-18 19:02:58,IP Address,122.174.160.223,100,60,True,2019-10-18 19:02:58,R_2xLXQhzF5QC2vGo,,,,,13.087799072265625,80.27850341796875,anonymous,EN,5,2014,21+,"Audio (music, radio, podcasts, etc)",,,Conversation,,,,,,,,Strongly agree,Strongly agree,not to hack,Definitely correct,Probably correct,Definitely correct,Probably correct,Definitely correct,25 - 34,Male,,Yes,Doctoral degree
2019-10-18 19:01:14,2019-10-18 19:03:13,IP Address,74.110.120.24,100,118,True,2019-10-18 19:03:13,R_1nW57LPUXBVs664,,,,,36.796905517578125,-76.1797027587890625,anonymous,EN,12,2017,1-10,"Audio (music, radio, podcasts, etc)",,,,,,,,,,,Strongly disagree,Strongly disagree,I don't have any concerns,Definitely correct,I don't know,I don't know,I don't know,I don't know,35 - 44,Female,,No,High school graduate (high school diploma or equivalent including GED)
2019-10-18 18:58:48,2019-10-18 19:04:35,IP Address,171.49.194.188,100,347,True,2019-10-18 19:04:36,R_r1m93pW7VRxyT1D,,,,,13.087799072265625,80.27850341796875,anonymous,EN,6,2019,1-10,,Information,,Conversation,Shopping,Alarm,,,,,,Somewhat disagree,Strongly disagree,I HAVE NO SECURITY CONCERN ABOUT MY DEVICE,Probably correct,I don't know,Probably correct,I don't know,Probably incorrect,25 - 34,Male,,Yes,Master's degree
2019-10-18 19:03:42,2019-10-18 19:05:16,IP Address,122.164.212.248,100,94,True,2019-10-18 19:05:16,R_1LGbnS5mZu8rVCN,,,,,13.087799072265625,80.27850341796875,anonymous,EN,4,2018,1-10,,Information,,Conversation,Shopping,Alarm,,Time,,,,Somewhat agree,Somewhat agree,i secure my mobile and home privacy product,I don't know,Probably incorrect,Probably correct,I don't know,I don't know,25 - 34,Female,,Yes,Bachelor's degree in college (4-year)
2019-10-18 19:03:56,2019-10-18 19:06:03,IP Address,202.83.56.52,100,127,True,2019-10-18 19:06:04,R_3PH4ELeKCN81yrj,,,,,9.96710205078125,76.2904052734375,anonymous,EN,11,2018,1-10,"Audio (music, radio, podcasts, etc)",,,Conversation,,Alarm,,,,,,Neither agree nor disagree,Neither agree nor disagree,high level sound,I don't know,Probably incorrect,Definitely incorrect,Probably incorrect,I don't know,45 - 54,Male,,Yes,Bachelor's degree in college (4-year)
2019-10-18 19:04:09,2019-10-18 19:06:06,IP Address,171.49.194.188,100,116,True,2019-10-18 19:06:06,R_2wdGwnHHzKWscyU,,,,,13.087799072265625,80.27850341796875,anonymous,EN,6,2019,1-10,"Audio (music, radio, podcasts, etc)",,,,,,,,,,,Neither agree nor disagree,Neither agree nor disagree,it is very safe and it is very good to use and very good to buy and suggestions for other so i love my device more,Probably correct,I don't know,Probably correct,I don't know,I don't know,25 - 34,Male,,Yes,Master's degree
2019-10-18 18:57:29,2019-10-18 19:06:46,IP Address,122.174.177.34,100,556,True,2019-10-18 19:06:46,R_1Lk5TMG2feYpkIC,,,,,9.96710205078125,76.2904052734375,anonymous,EN,8,2018,1-10,,,Controlling other devices,,Shopping,,,,,,,Somewhat agree,Somewhat agree,"Google, tech giant, the biggest and most used search engine",Probably correct,Definitely correct,Probably correct,Definitely correct,Probably correct,25 - 34,Female,,Yes,Associate degree in college (2-year)
2019-10-18 19:04:58,2019-10-18 19:07:37,IP Address,100.6.109.12,100,159,True,2019-10-18 19:07:38,R_3fv1gZKZ5z7FaeP,,,,,40.3213958740234375,-80.03780364990234375,anonymous,EN,11,2018,1-10,"Audio (music, radio, podcasts, etc)",,,,,Alarm,Weather,Time,Reminders,,,Strongly agree,Strongly agree,"I know the thing is listening to everything I say. I have to turn it off when I have someone visiting me, or when I want to watch something that may be taken out of context. ",Definitely correct,Definitely correct,Probably correct,I don't know,Definitely correct,25 - 34,Male,,Yes,Some college but no degree
2019-10-18 19:07:01,2019-10-18 19:09:07,IP Address,68.170.101.16,100,125,True,2019-10-18 19:09:07,R_1qU8nGPyCfRYhS9,,,,,36.2239990234375,-83.317901611328125,anonymous,EN,1,2019,1-10,"Audio (music, radio, podcasts, etc)",Information,Controlling other devices,,,,Weather,Time,Reminders,,,Somewhat agree,Somewhat agree,I worry about someone listening in to our conversations when not in use.,I don't know,Probably correct,Definitely correct,I don't know,I don't know,35 - 44,Female,,No,Some college but no degree
2019-10-18 19:04:16,2019-10-18 19:09:24,IP Address,171.49.194.207,100,307,True,2019-10-18 19:09:24,R_3j8P5DGK1ZXrgBt,,,,,13.087799072265625,80.27850341796875,anonymous,EN,10,2019,1-10,"Audio (music, radio, podcasts, etc)",,,,,,,,,,,Somewhat agree,Somewhat agree,its only acces with my voice,Definitely correct,Probably correct,I don't know,Probably correct,I don't know,25 - 34,Male,,Yes,Bachelor's degree in college (4-year)
2019-10-18 19:13:13,2019-10-18 19:14:37,IP Address,157.50.34.245,100,83,True,2019-10-18 19:14:37,R_1P8fsraRwGsc3cL,,,,,13.087799072265625,80.27850341796875,anonymous,EN,7,2019,1-10,"Audio (music, radio, podcasts, etc)",Information,,,,Alarm,Weather,Time,Reminders,,,Strongly agree,Strongly agree,Password and pin security.,Probably correct,Definitely correct,Definitely correct,I don't know,Probably incorrect,25 - 34,Male,,No,Bachelor's degree in college (4-year)
2019-10-18 19:18:42,2019-10-18 19:19:49,IP Address,122.174.176.66,100,67,True,2019-10-18 19:19:49,R_3mgXvJaqpJ9vaN9,,,,,9.9398956298828125,76.26019287109375,anonymous,EN,4,2018,1-10,,Information,Controlling other devices,Conversation,,,,,,,,Somewhat agree,Strongly agree,"Mobile security is the protection of smartphones, tablets, laptops and other portable computing devices, and the networks they connect to, from threats and vulnerabilities associated with wireless computing. Mobile security is also known as wireless security.
",Probably correct,Definitely correct,Probably correct,Definitely correct,Probably correct,18 - 24,Female,,Yes,Bachelor's degree in college (4-year)
2019-10-18 19:20:38,2019-10-18 19:21:43,IP Address,122.164.49.10,100,65,True,2019-10-18 19:21:44,R_2wbP8WcV0tVbfak,,,,,9.96710205078125,76.2904052734375,anonymous,EN,5,2019,1-10,,,Controlling other devices,Conversation,,Alarm,Weather,,,,,Somewhat agree,Somewhat agree,"Mobile security is the protection of smartphones, tablets, laptops and other portable computing devices, and the networks they connect to, from threats and vulnerabilities associated with wireless computing. Mobile security is also known as wireless security.
",I don't know,Probably correct,Probably correct,Definitely correct,Probably correct,18 - 24,Female,,Yes,Bachelor's degree in college (4-year)
2019-10-18 19:19:05,2019-10-18 19:22:12,IP Address,50.239.137.78,100,186,True,2019-10-18 19:22:12,R_2CcT4VFgHvtWUsH,,,,,36.402801513671875,-97.86229705810546875,anonymous,EN,8,2018,1-10,"Audio (music, radio, podcasts, etc)",Information,,,,,,,,,,Somewhat agree,Strongly agree,Nothing,Probably correct,I don't know,Probably correct,I don't know,Probably correct,25 - 34,Male,,No,Master's degree
2019-10-18 19:20:49,2019-10-18 19:22:16,IP Address,122.164.29.183,100,86,True,2019-10-18 19:22:16,R_1MXJjvOpWjnjQVx,,,,,13.087799072265625,80.27850341796875,anonymous,EN,7,2018,1-10,"Audio (music, radio, podcasts, etc)",,,,Shopping,,,,,,,Strongly agree,Somewhat agree,"Search engines. Google, tech giant, the biggest and most used search engine collects a lot of information about its users",Probably correct,Probably incorrect,Probably correct,I don't know,Definitely incorrect,25 - 34,Male,,Yes,Bachelor's degree in college (4-year)
2019-10-18 19:22:26,2019-10-18 19:25:43,IP Address,216.21.163.69,100,197,True,2019-10-18 19:25:44,R_401aKljk7FSwyk1,,,,,40.2342071533203125,-111.64420318603515625,anonymous,EN,6,2017,1-10,"Audio (music, radio, podcasts, etc)",Information,,Conversation,,,,,,,,Strongly agree,Strongly agree,MY DEVICE SECURITY IS VERY SAFE,I don't know,Probably correct,Probably correct,Definitely correct,Probably correct,25 - 34,Female,,Yes,Bachelor's degree in college (4-year)
2019-10-18 19:26:55,2019-10-18 19:30:33,IP Address,117.217.167.231,100,218,True,2019-10-18 19:30:33,R_ebn7H7hR1NRWss9,,,,,9.91900634765625,78.1195068359375,anonymous,EN,8,2018,1-10,"Audio (music, radio, podcasts, etc)",,,Conversation,,,Weather,,,,,Strongly agree,Strongly agree,IT GATHERS INFORMATION ABOUT THE THIRD - PARTY SMART HOME  DEVICES YOU CONNECT TO YOUR AMAZON SMART SPEAKER,Probably correct,I don't know,I don't know,Probably incorrect,I don't know,18 - 24,Male,,Yes,Bachelor's degree in college (4-year)
